Name,Full Name,Match Type,Batting Average,Batting Strike Rate,Bowling Average,Bowling Strike Rate,Bowling Economy Rate
JJ Roy,Jason Roy,ODI,42.8,107.5,0,0,0
JJ Roy,Jason Roy,T20,30.2,147.4,0,0,17.54
Imran Tahir,Imran Tahir,ODI,7.8,69.8,24.8,32.0,4.65
Imran Tahir,Imran Tahir,T20,9.6,93.0,19.8,16.3,7.30
JM Bairstow,Jonny Bairstow,ODI,47.7,104.1,0,0,0
JM Bairstow,Jonny Bairstow,T20,40.4,141.8,0,0,0
JE Root,Joe Root,ODI,51.3,87.5,62.0,64.3,5.78
JE Root,Joe Root,T20,27.1,131.6,64.0,42.0,9.14
L Ngidi,Lungi Ngidi,ODI,15.7,71.2,23.1,25.0,5.54
L Ngidi,Lungi Ngidi,T20,0,0,14.2,14.1,6.04
K Rabada,Kagiso Rabada,ODI,16.2,77.8,27.3,32.8,5.00
K Rabada,Kagiso Rabada,T20,10.4,101.8,19.1,15.3,7.49
D Pretorius,Dewald Pretorius,ODI,15.0,93.1,28.0,35.2,4.77
D Pretorius,Dewald Pretorius,T20,23.6,132.6,24.4,17.5,8.36
AL Phehlukwayo,Andile Phehlukwayo,ODI,32.3,90.0,29.7,32.0,5.58
AL Phehlukwayo,Andile Phehlukwayo,T20,18.3,134.6,56.4,34.6,9.78
EJG Morgan,Eoin Morgan,ODI,39.4,92.5,0,0,0
EJG Morgan,Eoin Morgan,T20,25.1,127.2,0,0,0
BA Stokes,Ben Stokes,ODI,40.6,93.9,41.8,41.6,6.02
BA Stokes,Ben Stokes,T20,27.7,139.5,29.2,21.3,8.24
JP Duminy,Jean-Paul Duminy,ODI,36.3,84.6,45.7,51.0,5.37
JP Duminy,Jean-Paul Duminy,T20,40.4,125.3,35.7,26.8,8.00
AK Markram,Aiden Kyle Markram,ODI,29.2,85.3,44.0,40.0,6.60
AK Markram,Aiden Kyle Markram,T20,22.3,113.9,0,0,12.67
JC Buttler,Jos Buttler,ODI,41.4,119.9,0,0,0
JC Buttler,Jos Buttler,T20,33.5,146.9,0,0,0
MM Ali,Moeen Ali,ODI,26.0,104.1,48.7,55.4,5.27
MM Ali,Moeen Ali,T20,32.9,161.6,24.0,19.5,7.40
CR Woakes,Chris Woakes,ODI,24.7,90.1,30.5,32.7,5.60
CR Woakes,Chris Woakes,T20,21.6,130.2,24.1,17.1,8.49
LE Plunkett,Liam Plunkett,ODI,20.2,102.9,29.6,30.5,5.82
LE Plunkett,Liam Plunkett,T20,14.2,135.0,26.4,19.1,8.31
JC Archer,Jofra Chioke Archer,ODI,3.2,59.1,24.7,32.0,4.63
JC Archer,Jofra Chioke Archer,T20,16.8,139.7,22.6,17.4,7.79
Q de Kock,Quinton de Kock,ODI,45.4,95.2,0,0,0
Q de Kock,Quinton de Kock,T20,32.6,136.2,0,0,0
HM Amla,Hashim Amla,ODI,50.2,88.5,0,0,0
HM Amla,Hashim Amla,T20,32.8,125.8,0,0,15.00
F du Plessis,Faf du Plessis,ODI,47.5,88.6,94.5,96.0,5.91
F du Plessis,Faf du Plessis,T20,30.8,130.1,68.0,42.0,9.71
HE van der Dussen,Rassie van der Dussen,ODI,73.8,81.9,0,0,0
HE van der Dussen,Rassie van der Dussen,T20,46.5,131.6,0,0,0
AU Rashid,Adil Rashid,ODI,19.6,102.4,31.8,33.9,5.62
AU Rashid,Adil Rashid,T20,17.3,113.4,23.4,18.8,7.45
Imam-ul-Haq,Imam-ul-Haq,ODI,55.6,80.5,0,0,0
Imam-ul-Haq,Imam-ul-Haq,T20,28.4,130.2,0,0,0
SS Cottrell,Sheldon Cottrell,ODI,10.7,75.0,34.3,34.8,5.91
SS Cottrell,Sheldon Cottrell,T20,8.2,133.7,18.4,14.7,7.49
Fakhar Zaman,Fakhar Zaman,ODI,45.5,95.2,111.0,135.0,4.93
Fakhar Zaman,Fakhar Zaman,T20,24.7,132.5,28.0,31.7,5.31
JO Holder,Jason Holder,ODI,26.8,94.5,35.0,37.6,5.58
JO Holder,Jason Holder,T20,14.4,130.8,37.7,29.0,7.79
Babar Azam,Babar Azam,ODI,55.1,87.1,0,0,0
Babar Azam,Babar Azam,T20,35.6,122.9,0,0,0
AD Russell,Andre Russell,ODI,28.0,130.5,31.9,32.7,5.86
AD Russell,Andre Russell,T20,30.1,177.5,24.2,17.4,8.36
Haris Sohail,Haris Sohail,ODI,46.1,85.3,55.7,58.4,5.73
Haris Sohail,Haris Sohail,T20,22.8,89.8,0,0,0
CR Brathwaite,Carlos Brathwaite,ODI,16.4,91.0,41.1,42.4,5.81
CR Brathwaite,Carlos Brathwaite,T20,16.5,151.6,29.3,20.8,8.44
Sarfraz Ahmed,Sarfraz Ahmed,ODI,32.9,86.2,0,0,7.50
Sarfraz Ahmed,Sarfraz Ahmed,T20,30.4,125.7,27.0,23.0,7.04
O Thomas,Oshane Thomas,ODI,2.6,24.5,34.4,29.8,6.91
O Thomas,Oshane Thomas,T20,0,40.0,21.1,13.6,9.29
Mohammad Hafeez,Mohammad Hafeez,ODI,33.0,76.8,38.9,55.7,4.19
Mohammad Hafeez,Mohammad Hafeez,T20,19.1,106.5,28.7,26.5,6.52
Imad Wasim,Imad Wasim,ODI,41.4,109.7,44.4,55.1,4.84
Imad Wasim,Imad Wasim,T20,15.1,123.8,26.8,24.6,6.53
Shadab Khan,Shadab Khan,ODI,24.1,68.6,29.7,35.4,5.03
Shadab Khan,Shadab Khan,T20,10.7,109.5,20.2,18.0,6.72
Hasan Ali,Ali Hasan,ODI,14.0,113.0,29.1,31.1,5.62
Hasan Ali,Ali Hasan,T20,8.7,150.6,18.7,15.6,7.20
Wahab Riaz,Wahab Riaz,ODI,14.2,86.9,35.0,36.6,5.73
Wahab Riaz,Wahab Riaz,T20,16.1,133.2,21.2,17.2,7.39
Mohammad Amir,Mohammad Amir,ODI,17.3,82.0,29.6,37.2,4.78
Mohammad Amir,Mohammad Amir,T20,6.7,100.0,21.0,18.5,6.79
CH Gayle,Chris Gayle,ODI,39.7,89.6,34.8,43.0,4.85
CH Gayle,Chris Gayle,T20,39.2,147.5,40.7,30.4,8.04
SD Hope,Shai Hope,ODI,45.6,75.1,0,0,0
SD Hope,Shai Hope,T20,23.7,127.2,0,0,0
DM Bravo,Darren Bravo,ODI,30.6,70.2,0,0,6.67
DM Bravo,Darren Bravo,T20,29.7,119.2,13.5,6.0,13.50
N Pooran,Nicolas Pooran,ODI,43.9,100.2,0,0,0
N Pooran,Nicolas Pooran,T20,25.3,147.9,0,0,0
SO Hetmyer,Shimron Hetmyer,ODI,36.3,107.2,0,0,0
SO Hetmyer,Shimron Hetmyer,T20,26.0,135.4,0,0,0
HDRL Thirimanne,Lahiru Thirimanne,ODI,35.1,72.3,31.3,34.7,5.42
HDRL Thirimanne,Lahiru Thirimanne,T20,16.4,128.1,0,0,0
MJ Henry,Matt Henry,ODI,15.1,100.0,26.6,29.4,5.43
MJ Henry,Matt Henry,T20,12.5,157.5,40.0,23.2,10.34
MDKJ Perera,Kushal Janith Perera,ODI,30.8,93.0,0,0,0
MDKJ Perera,Kushal Janith Perera,T20,12.2,123.4,0,0,0
FDM Karunaratne,Dimuth Karunaratne,ODI,26.6,72.9,0,0,6.75
FDM Karunaratne,Dimuth Karunaratne,T20,0,0,0,0,0
TA Boult,Trent Boult,ODI,9.6,73.7,25.1,29.8,5.05
TA Boult,Trent Boult,T20,4.3,72.2,29.5,20.6,8.60
BKG Mendis,Kusal Mendis,ODI,29.5,83.4,0,0,8.40
BKG Mendis,Kusal Mendis,T20,0,0,0,0,0
DM de Silva,Dhananjaya de Silva,ODI,25.4,75.9,40.9,46.7,5.25
DM de Silva,Dhananjaya de Silva,T20,0,0,0,0,0
LH Ferguson,Lockie Ferguson,ODI,7.8,49.6,25.7,28.4,5.42
LH Ferguson,Lockie Ferguson,T20,6.0,100.0,28.8,22.1,7.81
AD Mathews,Angelo Mathews,ODI,39.3,83.5,33.8,43.8,4.63
AD Mathews,Angelo Mathews,T20,24.1,125.9,40.0,29.3,8.19
C de Grandhomme,Colin de Grandhomme,ODI,27.6,107.5,43.6,54.0,4.84
C de Grandhomme,Colin de Grandhomme,T20,24.9,151.6,68.9,42.1,9.83
BMAJ Mendis,Jeevan Mendis,ODI,18.7,82.7,43.0,50.1,5.15
BMAJ Mendis,Jeevan Mendis,T20,11.1,104.6,19.1,15.7,7.30
NLTC Perera,Thisara Perera,ODI,19.6,111.8,32.5,33.4,5.84
NLTC Perera,Thisara Perera,T20,19.1,140.4,25.3,17.7,8.59
JDS Neesham,Jimmy Neesham,ODI,31.2,99.0,30.5,29.9,6.12
JDS Neesham,Jimmy Neesham,T20,27.0,132.5,30.2,19.1,9.46
MJ Santner,Mitchell Santner,ODI,26.4,88.0,35.9,44.0,4.89
MJ Santner,Mitchell Santner,T20,19.6,120.1,24.3,21.3,6.85
I Udana,Isuru Udana,ODI,17.1,94.5,52.6,53.2,5.92
I Udana,Isuru Udana,T20,13.9,98.0,24.8,20.5,7.28
RAS Lakmal,Suranga Lakmal,ODI,9.7,60.0,32.6,35.7,5.47
RAS Lakmal,Suranga Lakmal,T20,0,0,0,0,0
SL Malinga,Lasith Malinga,ODI,7.0,74.5,28.8,32.1,5.37
SL Malinga,Lasith Malinga,T20,9.3,113.9,19.3,16.4,7.05
MJ Guptill,Martin Guptill,ODI,42.1,87.5,24.5,27.2,5.39
MJ Guptill,Martin Guptill,T20,27.9,124.0,0,0,8.00
C Munro,Colin Munro,ODI,25.4,104.7,68.7,78.9,5.23
C Munro,Colin Munro,T20,28.4,137.4,33.2,22.1,9.01
Mohammad Shahzad,Mohammad Shahzad,ODI,33.1,88.3,25.9,26.7,5.82
Mohammad Shahzad,Mohammad Shahzad,T20,31.0,123.5,0,0,0
MA Starc,Mitchell Starc,ODI,12.4,89.5,20.9,24.9,5.02
MA Starc,Mitchell Starc,T20,12.2,95.7,18.0,14.4,7.48
Rahmat Shah,Rahmat Shah,ODI,35.9,70.4,36.1,37.6,5.76
Rahmat Shah,Rahmat Shah,T20,0,0,0,0,0
Hazratullah,Hazratullah,ODI,0,0,0,0,0
Hazratullah,Hazratullah,T20,0,0,0,0,0
PJ Cummins,Pat Cummins,ODI,10.6,71.3,27.1,31.6,5.15
PJ Cummins,Pat Cummins,T20,21.0,132.5,30.1,21.2,8.51
Hashmatullah Shahidi,Hashmatullah Shahidi,ODI,33.9,64.1,0,0,8.00
Hashmatullah Shahidi,Hashmatullah Shahidi,T20,0,0,0,0,0
NM Coulter-Nile,Nathan Coulter-Nile,ODI,16.9,96.6,29.9,32.3,5.56
NM Coulter-Nile,Nathan Coulter-Nile,T20,15.4,139.6,21.7,17.3,7.52
MP Stoinis,Marcus Stoinis,ODI,32.8,91.9,43.8,42.8,6.14
MP Stoinis,Marcus Stoinis,T20,29.4,126.0,26.4,18.0,8.79
A Zampa,Adam Zampa,ODI,6.7,62.9,35.8,37.5,5.72
A Zampa,Adam Zampa,T20,5.9,89.2,23.4,18.6,7.57
Mohammad Nabi,Mohammad Nabi,ODI,27.7,86.0,32.1,44.9,4.29
Mohammad Nabi,Mohammad Nabi,T20,20.6,137.7,23.2,20.1,6.92
Gulbadin Naib,Gulbadin Naib,ODI,23.2,72.9,33.9,37.9,5.36
Gulbadin Naib,Gulbadin Naib,T20,0,0,0,0,0
Najibullah Zadran,Najibullah Zadran,ODI,30.0,90.3,0,0,6.00
Najibullah Zadran,Najibullah Zadran,T20,24.3,139.8,0,0,0
Rashid Khan,Rashid Khan,ODI,20.5,101.3,17.8,25.8,4.15
Rashid Khan,Rashid Khan,T20,8.9,155.8,18.9,18.2,6.25
Dawlat Zadran,Dawlat Zadran,ODI,17.6,77.4,29.5,32.5,5.44
Dawlat Zadran,Dawlat Zadran,T20,0,0,0,0,0
Mujeeb Ur Rahman,Mujeeb Ur Rahman,ODI,7.2,95.6,22.7,35.1,3.88
Mujeeb Ur Rahman,Mujeeb Ur Rahman,T20,7.8,102.2,30.6,26.0,7.08
Hamid Hassan,Hamid Hassan,ODI,6.7,54.6,22.8,29.4,4.64
Hamid Hassan,Hamid Hassan,T20,2.0,50.0,13.6,13.7,5.94
AJ Finch,Aaron Finch,ODI,40.3,89.5,59.8,66.5,5.39
AJ Finch,Aaron Finch,T20,35.3,141.9,44.0,29.0,9.10
DA Warner,David Warner,ODI,45.8,95.6,0,0,8.00
DA Warner,David Warner,T20,41.7,141.8,0,0,13.00
UT Khawaja,Usman Khawaja,ODI,42.0,84.1,0,0,0
UT Khawaja,Usman Khawaja,T20,38.2,131.3,0,0,0
SPD Smith,Steven Smith,ODI,41.0,86.3,34.4,38.2,5.40
SPD Smith,Steven Smith,T20,33.8,124.9,30.7,21.3,8.62
GJ Maxwell,Glenn Maxwell,ODI,32.4,123.7,50.5,54.0,5.62
GJ Maxwell,Glenn Maxwell,T20,24.4,152.7,34.8,26.5,7.89
Tamim Iqbal,Tamim Iqbal,ODI,36.1,78.0,0,0,13.00
Tamim Iqbal,Tamim Iqbal,T20,34.8,119.7,0,0,0
Soumya Sarkar,Soumya Sarkar,ODI,34.6,98.6,35.3,36.0,5.89
Soumya Sarkar,Soumya Sarkar,T20,13.8,100.0,37.3,24.0,9.33
Shakib Al Hasan,Shakib Al Hasan,ODI,37.1,83.1,30.4,40.3,4.53
Shakib Al Hasan,Shakib Al Hasan,T20,21.4,122.5,22.2,19.1,6.98
CH Morris,Chris Morris,ODI,20.3,100.4,36.6,39.5,5.56
CH Morris,Chris Morris,T20,22.5,145.4,24.8,18.8,7.93
Mushfiqur Rahim,Mushfiqur Rahim,ODI,36.9,80.0,0,0,0
Mushfiqur Rahim,Mushfiqur Rahim,T20,32.7,130.6,0,0,0
Mohammad Mithun,Mohammad Mithun,ODI,27.5,75.3,0,0,0
Mohammad Mithun,Mohammad Mithun,T20,25.5,114.8,0,0,0
Mahmudullah,Mahmudullah,ODI,35.1,76.5,46.4,53.8,5.18
Mahmudullah,Mahmudullah,T20,23.8,116.1,24.1,20.2,7.15
Mosaddek Hossain,Mosaddek Hossain,ODI,26.1,87.1,56.2,64.4,5.24
Mosaddek Hossain,Mosaddek Hossain,T20,23.9,112.6,34.7,27.2,7.64
Mehedi Hasan Miraz,Mehedi Hasan,ODI,25.3,66.1,47.8,58.5,4.90
Mehedi Hasan Miraz,Mehedi Hasan,T20,0,0,0,0,0
Mustafizur Rahman,Mustafizur Rahman,ODI,7.7,57.0,23.0,26.3,5.24
Mustafizur Rahman,Mustafizur Rahman,T20,9.3,57.1,24.5,21.1,6.97
Mohammad Saifuddin,Mohammad Saifuddin,ODI,29.1,81.4,37.9,38.0,5.98
Mohammad Saifuddin,Mohammad Saifuddin,T20,9.9,108.5,20.8,15.6,8.00
Mashrafe Mortaza,Mashrafe Mortaza,ODI,13.4,85.8,34.0,41.2,4.96
Mashrafe Mortaza,Mashrafe Mortaza,T20,13.7,124.3,25.0,21.7,6.92
DA Miller,David Miller,ODI,38.7,100.2,0,0,0
DA Miller,David Miller,T20,33.3,139.3,0,0,0
MA Wood,Mark Wood,ODI,9.3,88.9,39.1,42.3,5.54
MA Wood,Mark Wood,T20,10.5,90.0,28.0,21.2,7.93
Asif Ali,Asif Ali,ODI,25.8,128.9,0,0,10.80
Asif Ali,Asif Ali,T20,22.7,164.0,0,0,0
Shoaib Malik,Shoaib Malik,ODI,35.8,82.6,40.0,50.9,4.71
Shoaib Malik,Shoaib Malik,T20,35.2,122.3,30.9,26.5,7.02
N Pradeep,Nuwan Pradeep,ODI,4.1,47.5,37.3,37.2,6.01
N Pradeep,Nuwan Pradeep,T20,0,0,0,0,0
B Kumar,Bhuvneshwar Kumar,ODI,14.2,74.9,34.6,41.3,5.03
B Kumar,Bhuvneshwar Kumar,T20,8.0,95.3,24.0,19.8,7.26
JJ Bumrah,Jasprit Bumrah,ODI,3.8,44.2,21.9,29.2,4.49
JJ Bumrah,Jasprit Bumrah,T20,18.0,92.3,26.6,21.1,7.57
HH Pandya,Hardik Pandya,ODI,29.9,115.6,40.6,43.9,5.56
HH Pandya,Hardik Pandya,T20,28.9,155.1,31.3,20.7,9.07
Kuldeep Yadav,Kuldeep Yadav,ODI,12.8,59.0,23.9,28.9,4.96
Kuldeep Yadav,Kuldeep Yadav,T20,8.8,81.5,28.8,21.0,8.22
YS Chahal,Yuzvendra Chahal,ODI,6.5,54.2,26.4,31.3,5.07
YS Chahal,Yuzvendra Chahal,T20,4.2,47.2,22.9,17.8,7.72
KM Jadhav,Kedar Jadhav,ODI,44.4,101.5,37.4,43.7,5.13
KM Jadhav,Kedar Jadhav,T20,23.5,126.5,0,0,0
S Dhawan,Shikhar Dhawan,ODI,44.9,94.0,0,0,0
S Dhawan,Shikhar Dhawan,T20,33.4,124.6,16.5,12.0,8.25
RG Sharma,Rohit Sharma,ODI,47.7,88.7,64.5,74.1,5.22
RG Sharma,Rohit Sharma,T20,31.7,130.6,30.3,22.9,7.94
V Kohli,Virat Kohli,ODI,60.0,93.3,166.8,160.2,6.24
V Kohli,Virat Kohli,T20,37.9,132.9,116.0,77.0,9.04
KL Rahul,Lokesh Rahul,ODI,39.1,79.1,0,0,0
KL Rahul,Lokesh Rahul,T20,42.0,138.3,0,0,0
T Shamsi,Tabraiz Shamsi,ODI,0.0,0.0,42.0,46.3,5.45
T Shamsi,Tabraiz Shamsi,T20,4.0,54.5,22.9,18.8,7.30
MS Dhoni,MS Dhoni,ODI,47.6,87.8,31.0,36.0,5.17
MS Dhoni,MS Dhoni,T20,40.7,138.4,0,0,12.50
KS Williamson,Kane Williamson,ODI,47.6,81.8,35.4,39.7,5.35
KS Williamson,Kane Williamson,T20,33.8,130.6,14.7,14.0,6.29
LRPL Taylor,Ross Taylor,ODI,46.5,82.7,0,0,5.00
LRPL Taylor,Ross Taylor,T20,28.9,122.5,0,0,12.00
TWM Latham,Tom Latham,ODI,32.3,82.4,0,0,0
TWM Latham,Tom Latham,T20,30.7,135.0,0,0,0
AT Carey,Alex Carey,ODI,40.2,92.0,0,0,0
AT Carey,Alex Carey,T20,37.0,136.1,0,0,0
AR Nurse,Ashley Nurse,ODI,19.3,97.9,43.3,48.6,5.35
AR Nurse,Ashley Nurse,T20,17.6,132.1,34.9,26.0,8.05
E Lewis,Evin Lewis,ODI,34.8,84.1,0,0,0
E Lewis,Evin Lewis,T20,30.7,142.4,0,0,10.00
Noor Ali Zadran,Noor Ali Zadran,ODI,23.8,63.1,0,0,0
Noor Ali Zadran,Noor Ali Zadran,T20,0,0,0,0,0
Ikram Alikhil,Ikram Alikhil,ODI,28.4,57.7,0,0,0
Ikram Alikhil,Ikram Alikhil,T20,0,0,0,0,0
Aftab Alam,Aftab Alam,ODI,11.4,74.8,25.2,30.6,4.94
Aftab Alam,Aftab Alam,T20,0,0,0,0,0
KAJ Roach,Kemar Roach,ODI,14.7,53.7,30.5,36.0,5.10
KAJ Roach,Kemar Roach,T20,7.0,112.0,43.4,31.8,8.19
Shaheen Shah Afridi,Shaheen Afridi,ODI,21.0,65.6,21.2,23.1,5.50
Shaheen Shah Afridi,Shaheen Afridi,T20,1.6,33.3,25.6,18.3,8.41
SE Marsh,Shaun Marsh,ODI,40.9,81.6,0,0,0
SE Marsh,Shaun Marsh,T20,41.1,129.2,0,0,0
KW Richardson,Kane Richardson,ODI,10.2,91.1,31.2,33.6,5.57
KW Richardson,Kane Richardson,T20,16.7,116.6,23.8,17.7,8.04
ST Gabriel,Shannon Gabriel,ODI,3.4,38.1,34.2,34.8,5.91
ST Gabriel,Shannon Gabriel,T20,3.0,54.5,26.6,19.6,8.16
TAM Siriwardana,Milinda Siriwardana,ODI,22.4,98.3,61.2,68.0,5.40
TAM Siriwardana,Milinda Siriwardana,T20,10.2,110.8,72.0,54.0,8.00
JP Behrendorff,Jason Behrendorff,ODI,9.5,126.7,32.3,36.9,5.25
JP Behrendorff,Jason Behrendorff,T20,15.2,107.0,22.6,18.7,7.23
BE Hendricks,Beuran Hendricks,ODI,0,25.0,106.0,126.0,5.05
BE Hendricks,Beuran Hendricks,T20,2.0,50.0,21.0,15.1,8.35
Asghar Stanikzai,Asghar Stanikzai,ODI,21.5,62.3,45.5,67.0,4.07
Asghar Stanikzai,Asghar Stanikzai,T20,0,0,0,0,0
V Shankar,Vijay Shankar,ODI,31.9,90.7,52.5,58.2,5.41
V Shankar,Vijay Shankar,T20,30.9,133.9,73.5,42.0,10.50
Liton Das,Liton Das,ODI,24.9,89.5,0,0,0
Liton Das,Liton Das,T20,16.7,116.6,0,0,0
JM Vince,James Vince,ODI,26.5,88.6,0,0,0
JM Vince,James Vince,T20,33.0,138.8,27.0,24.0,6.75
Rubel Hossain,Rubel Hossain,ODI,5.2,56.2,34.2,36.0,5.70
Rubel Hossain,Rubel Hossain,T20,2.5,64.5,22.0,16.3,8.11
Sabbir Rahman,Sabbir Rahman,ODI,26.1,91.4,115.0,102.0,6.76
Sabbir Rahman,Sabbir Rahman,T20,23.1,121.6,21.7,16.0,8.12
WIA Fernando,Weerahandige Inol Avishka Fernando,ODI,29.8,96.3,0,0,0
WIA Fernando,Weerahandige Inol Avishka Fernando,T20,0,0,0,0,0
Mohammed Shami,Mohammed Shami,ODI,9.0,89.4,23.6,25.7,5.51
Mohammed Shami,Mohammed Shami,T20,6.1,114.0,37.6,25.1,9.00
Samiullah Shenwari,Samiullah Shenwari,ODI,28.4,64.9,36.1,44.2,4.90
Samiullah Shenwari,Samiullah Shenwari,T20,0,0,0,0,0
NM Lyon,Nathan Lyon,ODI,19.2,92.8,45.9,55.8,4.93
NM Lyon,Nathan Lyon,T20,4.9,81.0,20.1,17.3,6.98
FA Allen,Fabian Anthony Allen,ODI,12.7,88.1,90.0,90.0,6.00
FA Allen,Fabian Anthony Allen,T20,38.9,181.4,47.9,37.4,7.67
SW Ambris,Sunil Ambris,ODI,70.4,101.7,0,0,0
SW Ambris,Sunil Ambris,T20,26.0,80.0,0,0,0
IS Sodhi,Ish Sodhi,ODI,6.1,76.1,36.7,39.7,5.54
IS Sodhi,Ish Sodhi,T20,7.5,96.0,20.4,15.1,8.09
HM Nicholls,Henry Nicholls,ODI,35.0,82.4,0,0,0
HM Nicholls,Henry Nicholls,T20,38.0,122.6,0,0,0
RR Pant,Rishabh Pant,ODI,22.9,96.6,0,0,0
RR Pant,Rishabh Pant,T20,36.2,162.7,0,0,0
CAK Rajitha,Kasun Rajitha,ODI,0.0,0.0,42.1,39.2,6.44
CAK Rajitha,Kasun Rajitha,T20,0,0,0,0,0
JDF Vandersay,Jeffrey Vandersay,ODI,11.8,42.8,43.6,44.6,5.87
JDF Vandersay,Jeffrey Vandersay,T20,0,0,0,0,0
KD Karthik,Dinesh Karthik,ODI,28.0,73.6,0,0,0
KD Karthik,Dinesh Karthik,T20,27.7,130.0,0,0,0
TG Southee,Tim Southee,ODI,14.1,98.5,34.7,38.2,5.46
TG Southee,Tim Southee,T20,16.9,148.4,33.5,23.7,8.47
Sayed Shirzad,Sayed Shirzad,ODI,25.0,147.1,56.0,48.0,7.00
Sayed Shirzad,Sayed Shirzad,T20,0,0,0,0,0
RA Jadeja,Ravindra Jadeja,ODI,31.8,85.6,35.8,44.1,4.87
RA Jadeja,Ravindra Jadeja,T20,23.9,124.6,30.1,23.4,7.74
PSP Handscomb,Peter Handscomb,ODI,33.3,97.4,0,0,0
PSP Handscomb,Peter Handscomb,T20,23.3,117.3,0,0,0
JL Denly,Joe Denly,ODI,30.0,67.1,60.0,66.0,5.45
JL Denly,Joe Denly,T20,29.9,130.3,20.2,15.5,7.80
TK Curran,Thomas Kevin Curran,ODI,35.6,107.2,29.8,28.2,6.34
TK Curran,Thomas Kevin Curran,T20,19.8,130.5,23.5,16.5,8.53
Junaid Khan,Junaid Khan,ODI,5.0,55.1,29.5,33.0,5.36
Junaid Khan,Junaid Khan,T20,2.4,44.8,20.4,16.2,7.52
Mohammad Hasnain,Mohammad Hasnain,ODI,14.0,155.6,60.6,49.2,7.39
Mohammad Hasnain,Mohammad Hasnain,T20,0.0,0.0,20.3,14.7,8.32
DJ Willey,David Willey,ODI,17.4,82.3,35.6,37.2,5.75
DJ Willey,David Willey,T20,27.2,146.9,24.2,18.6,7.81
Abid Ali,Abid Ali,ODI,47.8,97.4,0,0,0
Abid Ali,Abid Ali,T20,0,0,0,0,0
WTS Porterfield,William Porterfield,ODI,29.1,69.3,0,0,0
WTS Porterfield,William Porterfield,T20,29.5,124.1,0,0,0
PR Stirling,Paul Stirling,ODI,37.4,87.1,45.4,57.0,4.78
PR Stirling,Paul Stirling,T20,25.3,149.8,31.3,22.0,8.55
A Balbirnie,Andrew Balbirnie,ODI,31.2,75.4,34.0,30.0,6.80
A Balbirnie,Andrew Balbirnie,T20,6.6,93.9,0,0,0
L Tucker,Lorcan Tucker,ODI,0,0,0,0,0
L Tucker,Lorcan Tucker,T20,0,0,0,0,0
KJ O'Brien,Kevin O'Brien,ODI,30.1,87.4,32.3,37.1,5.22
KJ O'Brien,Kevin O'Brien,T20,21.7,128.8,22.0,17.2,7.67
GC Wilson,Gary Wilson,ODI,23.5,71.9,0,0,0
GC Wilson,Gary Wilson,T20,23.4,119.3,0,0,0
GH Dockrell,George Dockrell,ODI,16.4,69.0,37.4,47.5,4.72
GH Dockrell,George Dockrell,T20,0,0,54.0,32.8,9.88
MR Adair,Mark Adair,ODI,19.3,116.0,33.9,32.3,6.31
MR Adair,Mark Adair,T20,3.7,78.6,17.2,15.6,6.62
TJ Murtagh,Tim Murtagh,ODI,7.8,63.1,30.9,40.8,4.55
TJ Murtagh,Tim Murtagh,T20,0,0,98.0,48.0,12.25
WB Rankin,Boyd Rankin,ODI,8.6,44.6,27.9,34.5,4.84
WB Rankin,Boyd Rankin,T20,6.3,82.6,25.7,18.3,8.44
J Little,Joshua Little,ODI,0,0,0,0,0
J Little,Joshua Little,T20,0,0,0,0,0
DJ Malan,Dawid Malan,ODI,24.0,80.0,0,0,0
DJ Malan,Dawid Malan,T20,30.3,128.0,45.7,34.5,7.94
BT Foakes,Ben Foakes,ODI,0,80.3,0,0,0
BT Foakes,Ben Foakes,T20,21.6,128.7,0,0,0
Abu Jayed,Abu Jayed,ODI,0,0,22.8,21.6,6.33
Abu Jayed,Abu Jayed,T20,11.0,104.8,20.5,15.5,7.95
JA McCollum,James McCollum,ODI,20.6,68.8,0,0,0
JA McCollum,James McCollum,T20,0,0,0,0,0
BJ McCarthy,Barry McCarthy,ODI,7.9,54.7,26.6,27.2,5.87
BJ McCarthy,Barry McCarthy,T20,3.3,71.4,21.2,14.6,8.67
AR McBrine,Andy McBrine,ODI,15.2,72.8,35.5,48.6,4.38
AR McBrine,Andy McBrine,T20,0,0,0,0,0
H Masakadza,Hamilton Masakadza,ODI,28.6,73.3,44.8,50.5,5.33
H Masakadza,Hamilton Masakadza,T20,12.9,115.4,0,0,0
TS Kamunhukamwe,Tinashe Kamunhukamwe,ODI,12.3,74.0,0,0,0
TS Kamunhukamwe,Tinashe Kamunhukamwe,T20,0,0,0,0,0
CR Ervine,Craig Ervine,ODI,32.9,75.5,0,0,0
CR Ervine,Craig Ervine,T20,0,0,0,0,0
BRM Taylor,Brendan Taylor,ODI,33.2,75.5,45.0,43.9,6.15
BRM Taylor,Brendan Taylor,T20,25.2,123.1,0,0,0
SC Getkate,Shane Getkate,ODI,23.0,100.0,20.0,27.0,4.44
SC Getkate,Shane Getkate,T20,0,0,0,0,0
SC Williams,Sean Williams,ODI,33.9,82.3,47.8,59.2,4.85
SC Williams,Sean Williams,T20,15.5,129.2,39.0,36.0,6.50
Sikandar Raza,Sikandar Raza,ODI,34.0,81.7,38.4,48.2,4.79
Sikandar Raza,Sikandar Raza,T20,25.0,129.6,38.0,28.2,8.09
PJ Moor,Peter Moor,ODI,21.2,67.6,0,0,0
PJ Moor,Peter Moor,T20,0,0,0,0,0
RP Burl,Ryan Burl,ODI,20.2,68.1,29.6,30.1,5.89
RP Burl,Ryan Burl,T20,0,0,0,0,0
DT Tiripano,Donald Tiripano,ODI,18.1,58.0,41.5,45.2,5.51
DT Tiripano,Donald Tiripano,T20,0,0,0,0,0
KM Jarvis,Kyle Jarvis,ODI,9.4,65.1,35.3,39.9,5.31
KM Jarvis,Kyle Jarvis,T20,0,112.5,25.2,18.0,8.42
TL Chatara,Tendai Chatara,ODI,6.8,49.1,30.5,36.1,5.08
TL Chatara,Tendai Chatara,T20,0,0,0,0,0
SF Mire,Solomon Mire,ODI,20.3,80.2,42.9,42.2,6.09
SF Mire,Solomon Mire,T20,0.7,40.0,4.0,6.0,4.00
R Mutumbami,Richmond Mutumbami,ODI,20.1,71.5,0,0,0
R Mutumbami,Richmond Mutumbami,T20,0,0,0,0,0
CB Mpofu,Chris Mpofu,ODI,2.4,21.2,40.1,44.0,5.48
CB Mpofu,Chris Mpofu,T20,0,0,0,0,0
BTJ Wheal,Brad Wheal,ODI,5.3,47.1,23.2,31.0,4.48
BTJ Wheal,Brad Wheal,T20,10.0,95.2,29.0,20.0,8.70
SM Sharif,Safyaan Sharif,ODI,13.4,68.4,26.6,32.6,4.89
SM Sharif,Safyaan Sharif,T20,20.0,125.0,112.0,72.0,9.33
AC Evans,Alasdair Evans,ODI,11.0,64.3,29.6,33.8,5.24
AC Evans,Alasdair Evans,T20,1.0,50.0,26.5,17.5,9.09
TB Sole,Thomas Barclay Sole,ODI,7.7,107.0,38.7,50.5,4.60
TB Sole,Thomas Barclay Sole,T20,29.0,103.6,0,0,7.62
MRJ Watt,Mark Watt,ODI,14.4,69.0,32.4,45.1,4.31
MRJ Watt,Mark Watt,T20,6.0,78.3,35.9,24.1,8.92
MA Leask,Michael Leask,ODI,20.5,105.1,54.3,61.6,5.29
MA Leask,Michael Leask,T20,8.7,115.6,23.0,18.0,7.67
MH Cross,Matthew Cross,ODI,24.0,74.9,0,0,0
MH Cross,Matthew Cross,T20,14.8,107.3,0,0,0
KJ Coetzer,Kyle Coetzer,ODI,43.6,86.3,207.0,185.0,6.71
KJ Coetzer,Kyle Coetzer,T20,23.7,107.7,93.0,60.0,9.30
CS MacLeod,Calum MacLeod,ODI,35.8,82.8,70.8,79.1,5.37
CS MacLeod,Calum MacLeod,T20,30.5,128.6,0,0,6.00
CD Wallace,Craig Wallace,ODI,20.5,91.9,0,0,0
CD Wallace,Craig Wallace,T20,0,0,0,0,0
HG Munsey,George Munsey,ODI,27.6,77.3,0,0,0
HG Munsey,George Munsey,T20,29.0,165.7,0,0,0
DL Chahar,Deepak Chahar,ODI,12.0,85.7,37.0,24.0,9.25
DL Chahar,Deepak Chahar,T20,11.8,161.4,26.5,20.8,7.63
PA Patel,Parthiv Patel,ODI,24.6,76.7,0,0,0
PA Patel,Parthiv Patel,T20,22.9,120.7,0,0,0
Harbhajan Singh,Harbhajan Singh,ODI,13.4,80.7,33.7,46.2,4.38
Harbhajan Singh,Harbhajan Singh,T20,16.0,137.9,26.4,22.5,7.05
AB de Villiers,AB de Villiers,ODI,54.5,101.3,28.9,27.4,6.31
AB de Villiers,AB de Villiers,T20,42.1,153.3,0,0,0
SK Raina,Suresh Raina,ODI,35.8,93.5,50.3,59.1,5.11
SK Raina,Suresh Raina,T20,34.0,139.0,34.5,28.6,7.24
S Dube,Shivam Dube,ODI,0,0,0,0,0
S Dube,Shivam Dube,T20,13.3,121.2,0,0,4.80
NA Saini,Navdeep Saini,ODI,0,0,0,0,0
NA Saini,Navdeep Saini,T20,2.0,50.0,36.1,26.2,8.27
UT Yadav,Umesh Yadav,ODI,8.1,60.4,33.7,33.6,6.01
UT Yadav,Umesh Yadav,T20,9.5,96.1,29.5,21.1,8.38
Mohammed Siraj,Mohammed Siraj,ODI,0,0,0,0,7.60
Mohammed Siraj,Mohammed Siraj,T20,9.7,80.6,29.2,19.1,9.20
DJ Bravo,Dwayne Bravo,ODI,26.5,82.7,29.4,32.5,5.42
DJ Bravo,Dwayne Bravo,T20,23.8,131.0,23.6,16.9,8.35
SR Watson,Shane Watson,ODI,40.6,90.7,31.7,38.2,4.98
SR Watson,Shane Watson,T20,30.5,137.4,28.2,21.1,8.02
AT Rayudu,Ambati Rayudu,ODI,47.1,79.0,41.3,40.3,6.15
AT Rayudu,Ambati Rayudu,T20,26.3,123.9,0,0,0
M Prasidh Krishna,Prasidh Krishna,ODI,0,0,0,0,0
M Prasidh Krishna,Prasidh Krishna,T20,1.0,14.3,45.5,29.3,9.32
PP Chawla,Piyush Chawla,ODI,6.3,74.6,35.0,41.0,5.12
PP Chawla,Piyush Chawla,T20,12.1,112.7,27.1,20.8,7.83
SP Narine,Sunil Narine,ODI,11.3,82.3,26.5,38.5,4.13
SP Narine,Sunil Narine,T20,16.2,153.0,21.3,20.8,6.15
N Rana,Nitish Rana,ODI,0,0,0,0,0
N Rana,Nitish Rana,T20,27.8,134.6,17.0,13.0,7.85
YK Pathan,Yusuf Pathan,ODI,27.2,114.3,41.5,45.2,5.50
YK Pathan,Yusuf Pathan,T20,28.8,141.4,33.0,27.0,7.33
MK Pandey,Manish Pandey,ODI,36.7,91.9,0,0,0
MK Pandey,Manish Pandey,T20,30.2,121.5,0,0,0
CA Lynn,Chris Lynn,ODI,18.8,84.3,0,0,0
CA Lynn,Chris Lynn,T20,35.7,145.9,29.0,24.0,7.25
RV Uthappa,Robin Uthappa,ODI,24.8,91.3,0,0,0.00
RV Uthappa,Robin Uthappa,T20,28.9,130.9,0,0,0
Sandeep Sharma,Sandeep Sharma,ODI,0,0,0,0,0
Sandeep Sharma,Sandeep Sharma,T20,10.7,76.2,23.9,18.4,7.81
S Kaul,Siddarth Kaul,ODI,0.5,33.3,0,0,6.63
S Kaul,Siddarth Kaul,T20,3.0,42.9,28.3,20.0,8.47
Shubman Gill,Shubman Gill,ODI,8.0,50.0,0,0,0
Shubman Gill,Shubman Gill,T20,35.6,132.4,0,0,0
PP Shaw,Prithvi Pankaj Shaw,ODI,0,0,0,0,0
PP Shaw,Prithvi Pankaj Shaw,T20,24.9,141.0,0,0,0
Rasikh Salam,Rasikh Salam,ODI,0,0,0,0,0
Rasikh Salam,Rasikh Salam,T20,0,125.0,0,0,10.50
MJ McClenaghan,Mitchell McClenaghan,ODI,27.0,78.3,28.2,28.5,5.93
MJ McClenaghan,Mitchell McClenaghan,T20,7.1,114.1,26.9,18.6,8.67
SS Iyer,Shreyas Iyer,ODI,49.4,105.8,0,0,2.00
SS Iyer,Shreyas Iyer,T20,30.0,127.0,0,0,0
CA Ingram,Colin Ingram,ODI,31.2,82.3,0,0,17.00
CA Ingram,Colin Ingram,T20,32.3,146.4,32.7,24.9,7.86
KH Pandya,Krunal Pandya,ODI,0,0,0,0,0
KH Pandya,Krunal Pandya,T20,26.9,145.6,27.5,23.0,7.16
BCJ Cutting,Ben Cutting,ODI,26.5,79.1,31.6,43.2,4.39
BCJ Cutting,Ben Cutting,T20,22.5,153.2,31.4,21.3,8.85
KMA Paul,Keemo Mandela Angus Paul,ODI,16.4,75.7,48.8,48.8,6.00
KMA Paul,Keemo Mandela Angus Paul,T20,11.1,117.1,28.7,19.1,9.01
AR Patel,Akshar Patel,ODI,12.9,95.3,31.3,42.4,4.43
AR Patel,Akshar Patel,T20,19.3,129.4,28.2,22.9,7.37
R Tewatia,Rahul Tewatia,ODI,0,0,0,0,0
R Tewatia,Rahul Tewatia,T20,18.5,124.7,25.3,21.1,7.18
I Sharma,Ishant Sharma,ODI,4.8,35.5,31.2,32.5,5.76
I Sharma,Ishant Sharma,T20,9.2,90.2,35.7,26.3,8.16
SA Yadav,Suryakumar Yadav,ODI,0,0,0,0,0
SA Yadav,Suryakumar Yadav,T20,29.2,133.0,0,0,7.20
KA Pollard,Kieron Pollard,ODI,25.5,93.1,39.1,40.9,5.74
KA Pollard,Kieron Pollard,T20,29.9,149.4,29.0,20.7,8.41
Yuvraj Singh,Yuvraj Singh,ODI,38.9,88.3,38.8,44.5,5.23
Yuvraj Singh,Yuvraj Singh,T20,25.3,130.5,29.2,23.4,7.48
DS Kulkarni,Dhawal Kulkarni,ODI,0,96.4,26.7,31.5,5.10
DS Kulkarni,Dhawal Kulkarni,T20,11.2,95.3,28.5,20.5,8.32
MA Agarwal,Mayank Agarwal,ODI,0,0,0,0,0
MA Agarwal,Mayank Agarwal,T20,17.5,128.7,0,0,0
K Gowtham,Krishnappa Gowtham,ODI,0,0,0,0,0
K Gowtham,Krishnappa Gowtham,T20,12.0,173.5,39.3,29.8,7.93
JD Unadkat,Jaydev Unadkat,ODI,0,0,26.1,39.0,4.02
JD Unadkat,Jaydev Unadkat,T20,9.2,101.9,27.9,19.1,8.76
SN Khan,Sarfaraz Khan,ODI,0,0,0,0,0
SN Khan,Sarfaraz Khan,T20,27.2,142.7,0,0,18.00
S Gopal,Shreyas Gopal,ODI,0,0,0,0,0
S Gopal,Shreyas Gopal,T20,15.1,116.2,20.1,15.8,7.64
Mandeep Singh,Mandeep Singh,ODI,0,0,0,0,0
Mandeep Singh,Mandeep Singh,T20,22.2,124.7,0,0,13.00
AM Rahane,Ajinkya Rahane,ODI,34.8,78.6,0,0,0
AM Rahane,Ajinkya Rahane,T20,34.0,121.8,5.0,6.0,5.00
SM Curran,Sam Curran,ODI,8.5,58.6,45.0,36.0,7.50
SM Curran,Sam Curran,T20,18.1,123.8,30.5,21.3,8.57
R Ashwin,Ravichandran Ashwin,ODI,17.3,87.0,32.9,40.2,4.92
R Ashwin,Ravichandran Ashwin,T20,12.1,118.2,25.6,22.3,6.89
AS Rajpoot,Ankit Rajpoot,ODI,0,0,0,0,0
AS Rajpoot,Ankit Rajpoot,T20,5.7,54.8,27.9,19.4,8.65
SV Samson,Sanju Samson,ODI,0,0,0,0,0
SV Samson,Sanju Samson,T20,28.6,130.0,0,0,0
RA Tripathi,Rahul Tripathi,ODI,0,0,0,0,0
RA Tripathi,Rahul Tripathi,T20,26.1,137.3,0,0,12.00
SN Thakur,Shardul Thakur,ODI,22.0,137.5,36.3,35.7,6.11
SN Thakur,Shardul Thakur,T20,7.2,171.4,29.6,19.6,9.04
A Mishra,Amit Mishra,ODI,5.4,52.4,23.7,30.0,4.74
A Mishra,Amit Mishra,T20,12.6,91.5,24.6,20.1,7.35
CV Varun,Varun Chakravarthy,ODI,0,0,0,0,0
CV Varun,Varun Chakravarthy,T20,0,0,35.0,18.0,11.67
GC Viljoen,Hardus Viljoen,ODI,0,0,0,0,0
GC Viljoen,Hardus Viljoen,T20,13.5,123.7,27.4,19.3,8.54
AJ Tye,Andrew Tye,ODI,14.2,118.8,32.7,32.2,6.08
AJ Tye,Andrew Tye,T20,12.7,122.6,21.3,16.4,7.81
M Markande,Mayank Markande,ODI,0,0,0,0,0
M Markande,Mayank Markande,T20,9.0,93.1,26.7,18.8,8.54
S Nadeem,Shahbaz Nadeem,ODI,0,0,0,0,0
S Nadeem,Shahbaz Nadeem,T20,2.7,41.0,37.4,30.0,7.48
M Ashwin,Murugan Ashwin,ODI,0,0,0,0,0
M Ashwin,Murugan Ashwin,T20,1.3,50.0,36.6,27.8,7.90
NS Naik,Nikhil Naik,ODI,0,0,0,0,0
NS Naik,Nikhil Naik,T20,10.0,63.8,0,0,0
S Lamichhane,Sandeep Lamichhane,ODI,9.8,57.4,14.8,21.3,4.18
S Lamichhane,Sandeep Lamichhane,T20,10.5,91.3,20.2,16.7,7.23
HV Patel,Harshal Patel,ODI,0,0,0,0,0
HV Patel,Harshal Patel,T20,9.8,154.3,28.3,19.4,8.72
GH Vihari,Hanuma Vihari,ODI,0,0,0,0,0
GH Vihari,Hanuma Vihari,T20,14.0,87.8,55.0,48.0,6.88
P Ray Barman,Prayas Ray Barman,ODI,0,0,0,0,0
P Ray Barman,Prayas Ray Barman,T20,19.0,79.2,0,0,14.00
Avesh Khan,Avesh Khan,ODI,0,0,0,0,0
Avesh Khan,Avesh Khan,T20,0,133.3,51.4,31.2,9.88
VR Aaron,Varun Aaron,ODI,8.0,53.3,38.1,34.5,6.62
VR Aaron,Varun Aaron,T20,16.3,80.3,31.8,21.8,8.74
STR Binny,Stuart Binny,ODI,28.8,93.5,22.0,24.5,5.38
STR Binny,Stuart Binny,T20,19.6,131.0,35.4,27.7,7.68
MM Sharma,Mohit Sharma,ODI,7.8,47.0,32.9,36.2,5.46
MM Sharma,Mohit Sharma,T20,8.7,103.4,26.4,18.8,8.45
RD Chahar,Rahul Chahar,ODI,0,0,0,0,0
RD Chahar,Rahul Chahar,T20,7.5,115.4,24.4,21.6,6.78
DJ Hooda,Deepak Hooda,ODI,0,0,0,0,0
DJ Hooda,Deepak Hooda,T20,14.6,127.2,44.7,31.9,8.42
P Negi,Pawan Negi,ODI,0,0,0,0,0
P Negi,Pawan Negi,T20,13.1,123.9,24.7,19.5,7.61
SC Kuggeleijn,Scott Kuggeleijn,ODI,0,183.3,11.6,16.8,4.14
SC Kuggeleijn,Scott Kuggeleijn,T20,7.6,102.7,37.5,27.0,8.33
Ishan Kishan,Ishan Kishan,ODI,0,0,0,0,0
Ishan Kishan,Ishan Kishan,T20,21.1,130.9,0,0,0
AS Joseph,Alzarri Joseph,ODI,34.7,86.0,34.1,31.5,6.48
AS Joseph,Alzarri Joseph,T20,17.8,112.7,26.4,16.8,9.44
AD Nath,Akshdeep Nath,ODI,0,0,0,0,0
AD Nath,Akshdeep Nath,T20,9.0,91.8,0,0,0
HF Gurney,Harry Gurney,ODI,7.5,45.5,39.3,41.4,5.70
HF Gurney,Harry Gurney,T20,3.7,75.9,22.2,16.8,7.93
S Midhun,Sudhesan Midhun,ODI,0,0,0,0,0
S Midhun,Sudhesan Midhun,T20,0,0,0,0,13.50
KK Nair,Karun Nair,ODI,23.0,52.3,0,0,0
KK Nair,Karun Nair,T20,24.8,128.5,0,0,0
SD Lad,Siddhesh Lad,ODI,0,0,0,0,0
SD Lad,Siddhesh Lad,T20,15.0,115.4,0,0,0
R Parag,Riyan Parag,ODI,0,0,0,0,0
R Parag,Riyan Parag,T20,32.0,127.0,60.5,42.0,8.64
LS Livingstone,Liam Stephen Livingstone,ODI,0,0,0,0,0
LS Livingstone,Liam Stephen Livingstone,T20,27.5,141.9,16.6,12.6,7.88
KK Ahmed,Khaleel Ahmed,ODI,4.5,52.9,31.0,32.0,5.81
KK Ahmed,Khaleel Ahmed,T20,0.0,0.0,16.2,11.4,8.59
Abhishek Sharma,Abhishek Sharma,ODI,0,0,0,0,0
Abhishek Sharma,Abhishek Sharma,T20,24.0,171.4,21.0,12.0,10.50
RK Bhui,Ricky Kannakumar Bhui,ODI,0,0,0,0,0
RK Bhui,Ricky Kannakumar Bhui,T20,3.5,41.2,0,0,0
Arshdeep Singh,Arshdeep Singh,ODI,0,0,0,0,0
Arshdeep Singh,Arshdeep Singh,T20,0,0,36.3,20.0,10.90
AJ Turner,Ashton Turner,ODI,62.5,145.3,0,0,0
AJ Turner,Ashton Turner,T20,21.5,137.2,18.0,15.0,7.20
SW Billings,Sam Billings,ODI,22.6,90.9,0,0,0
SW Billings,Sam Billings,T20,24.8,133.6,0,0,0
KV Sharma,Karan Sharma,ODI,0,0,0,0,6.58
KV Sharma,Karan Sharma,T20,16.0,119.7,27.2,20.8,7.82
J Yadav,Jayant Yadav,ODI,0,100.0,8.0,24.0,2.00
J Yadav,Jayant Yadav,T20,3.0,60.0,49.2,44.4,6.65
DW Steyn,Dale Steyn,ODI,9.4,65.3,26.0,31.9,4.89
DW Steyn,Dale Steyn,T20,10.0,114.2,22.7,20.2,6.74
SE Rutherford,Sherfane Rutherford,ODI,0,0,0,0,0
SE Rutherford,Sherfane Rutherford,T20,28.2,151.4,30.6,23.1,7.95
Harpreet Brar,Harpreet Brar,ODI,0,0,0,0,0
Harpreet Brar,Harpreet Brar,T20,0,166.7,0,0,9.60
RK Singh,Rinku Singh,ODI,0,0,0,0,0
RK Singh,Rinku Singh,T20,11.0,101.5,0,0,0
Y Prithvi Raj,Prithvi Raj,ODI,0,0,0,0,0
Y Prithvi Raj,Prithvi Raj,T20,0,0.0,57.0,30.0,11.40
KC Cariappa,KC Cariappa,ODI,0,0,0,0,0
KC Cariappa,KC Cariappa,T20,8.0,114.3,43.5,27.0,9.67
Washington Sundar,Washington Sundar,ODI,0,0,65.0,60.0,6.50
Washington Sundar,Washington Sundar,T20,15.0,141.5,28.2,22.1,7.64
M Vijay,Murali Vijay,ODI,24.2,67.0,37.0,36.0,6.17
M Vijay,Murali Vijay,T20,26.6,122.2,0,0,8.17
DR Shorey,Dhruv Shorey,ODI,0,0,0,0,0
DR Shorey,Dhruv Shorey,T20,6.5,76.5,0,0,0
AS Roy,Anukul Roy,ODI,0,0,0,0,0
AS Roy,Anukul Roy,T20,0,0,11.0,12.0,5.50
WP Saha,Wriddhiman Saha,ODI,13.7,73.2,0,0,0
WP Saha,Wriddhiman Saha,T20,23.0,129.5,0,0,0
H Klaasen,Heinrich Klaasen,ODI,22.8,86.3,0,0,0
H Klaasen,Heinrich Klaasen,T20,28.7,145.7,54.0,36.0,9.00
Gurkeerat Singh,Gurkeerat Singh,ODI,6.5,100.0,0,0,6.80
Gurkeerat Singh,Gurkeerat Singh,T20,18.3,128.7,19.4,15.6,7.46
BB Sran,Barinder Sran,ODI,0,0,38.4,43.1,5.34
BB Sran,Barinder Sran,T20,10.0,71.4,38.0,24.5,9.32
S Sandeep Warrier,Sandeep Warrier,ODI,0,0,0,0,0
S Sandeep Warrier,Sandeep Warrier,T20,0,0,42.5,36.0,7.08
P Simran Singh,Simran Singh,ODI,0,0,0,0,0
P Simran Singh,Simran Singh,T20,16.0,94.1,0,0,0
K Khejroliya,Kulwant Khejroliya,ODI,0,0,0,0,0
K Khejroliya,Kulwant Khejroliya,T20,0,0,51.3,31.7,9.73
J Suchith,Jagadeesha Suchith,ODI,0,0,0,0,0
J Suchith,Jagadeesha Suchith,T20,27.0,114.9,33.0,22.5,8.80
Basil Thampi,Basil Thampi,ODI,0,0,0,0,0
Basil Thampi,Basil Thampi,T20,32.0,91.4,40.5,25.1,9.70
MK Lomror,Mahipal Krishan Lomror,ODI,0,0,0,0,0
MK Lomror,Mahipal Krishan Lomror,T20,14.0,116.7,0,0,9.00
FJ Klaassen,Fred Klaassen,ODI,15.0,57.7,14.6,24.0,3.65
FJ Klaassen,Fred Klaassen,T20,8.0,133.3,38.4,24.7,9.33
VJ Kingma,Vivian Kingma,ODI,0,0,53.5,63.0,5.10
VJ Kingma,Vivian Kingma,T20,0,0,0,0,0
RE van der Merwe,Roelof van der Merwe,ODI,16.0,101.1,36.6,43.8,5.00
RE van der Merwe,Roelof van der Merwe,T20,20.1,136.1,29.1,23.3,7.50
PA van Meekeren,Paul van Meekeren,ODI,0,75.0,52.3,69.3,4.53
PA van Meekeren,Paul van Meekeren,T20,1.2,55.6,53.4,32.0,10.02
PM Seelaar,Pieter Seelaar,ODI,12.7,66.1,31.4,40.7,4.63
PM Seelaar,Pieter Seelaar,T20,0,0,0,0,0
TP Visee,Tobias Visee,ODI,34.5,123.2,0,0,0
TP Visee,Tobias Visee,T20,25.5,171.9,0,0,0
MP O'Dowd,Max O'Dowd,ODI,145.0,72.5,0,0,0
MP O'Dowd,Max O'Dowd,T20,0,0,0,0,0
A Ndlovu,A Ndlovu,ODI,0,0,0,0,0
A Ndlovu,A Ndlovu,T20,0,0,0,0,0
BN Cooper,Ben Cooper,ODI,28.5,92.9,0,0,0
BN Cooper,Ben Cooper,T20,0,0,0,0,0
BFW de Leede,Bas de Leede,ODI,10.7,42.7,15.0,23.0,3.91
BFW de Leede,Bas de Leede,T20,0,0,0,0,0
W Barresi,Wesley Barresi,ODI,36.0,76.6,0,0,7.40
W Barresi,Wesley Barresi,T20,0,0,0,0,0
BD Glover,Brandon Glover,ODI,0,0,37.0,60.0,3.70
BD Glover,Brandon Glover,T20,0,0,0,0,0
Saqib Zulfiqar,Saqib Zulfiqar,ODI,0.0,0.0,49.0,42.0,7.00
Saqib Zulfiqar,Saqib Zulfiqar,T20,0,0,0,0,0
SA Edwards,Scott Edwards,ODI,53.0,91.4,0,0,0
SA Edwards,Scott Edwards,T20,0,0,0,0,0
RL Chase,Roston Chase,ODI,20.9,71.9,63.4,73.0,5.21
RL Chase,Roston Chase,T20,0,144.4,0,0,10.00
Shafiul Islam,Shafiul Islam,ODI,5.9,54.9,35.3,35.8,5.92
Shafiul Islam,Shafiul Islam,T20,11.2,91.8,23.2,17.0,8.19
CBRLS Kumara,Lahiru Kumara,ODI,5.7,37.8,47.9,41.8,6.87
CBRLS Kumara,Lahiru Kumara,T20,0,0,0,0,0
A Dananjaya,Akila Dananjaya,ODI,13.5,68.9,29.5,34.8,5.10
A Dananjaya,Akila Dananjaya,T20,11.0,68.8,94.0,66.0,8.55
Taijul Islam,Taijul Islam,ODI,21.0,78.8,36.7,57.0,3.86
Taijul Islam,Taijul Islam,T20,11.9,86.1,25.1,21.0,7.16
MD Shanaka,Dasun Shanaka,ODI,29.2,115.8,27.4,28.2,5.83
MD Shanaka,Dasun Shanaka,T20,14.5,138.1,47.5,26.0,10.96
GSNFG Jayasuriya,Gampalage Shehan Naveendra De Fonseka Gunawarna Ja,ODI,23.0,71.9,125.5,141.0,5.34
GSNFG Jayasuriya,Gampalage Shehan Naveendra De Fonseka Gunawarna Ja,T20,3.0,66.7,0,0,7.00
PWH de Silva,Pinnaduwage Wanindu Hasaranga De Silva,ODI,14.4,103.6,33.0,31.0,6.39
PWH de Silva,Pinnaduwage Wanindu Hasaranga De Silva,T20,8.0,80.0,0,0,24.00
Anamul Haque,Anamul Haque,ODI,30.1,70.7,0,0,0
Anamul Haque,Anamul Haque,T20,21.8,114.0,0,0,0
TP Ura,Tony Pala Ura,ODI,28.4,80.0,0,0,12.00
TP Ura,Tony Pala Ura,T20,0,0,0,0,0
Bilal Khan,Bilal Khan,ODI,0,25.0,27.5,40.5,4.07
Bilal Khan,Bilal Khan,T20,0,0,0,0,0
G Toka,Gaudi Toka,ODI,17.2,54.2,0,0,0
G Toka,Gaudi Toka,T20,0,0,0,0,0
Kaleemullah,Kaleemullah,ODI,0,0,0,0,5.11
Kaleemullah,Kaleemullah,T20,0,0,0,0,0
Fayyaz Butt,Fayyaz Butt,ODI,32.0,97.0,137.0,162.0,5.07
Fayyaz Butt,Fayyaz Butt,T20,0,0,0,0,0
Jay Odedra,Jay Odedra,ODI,0,0,16.4,24.0,4.10
Jay Odedra,Jay Odedra,T20,0,0,0,0,0
Zeeshan Maqsood,Zeeshan Maqsood,ODI,8.7,50.0,19.2,36.0,3.19
Zeeshan Maqsood,Zeeshan Maqsood,T20,0,0,0,0,0
A Vala,Archie Vala,ODI,27.7,67.9,24.5,39.4,3.73
A Vala,Archie Vala,T20,0,0,0,0,0
Khawar Ali,Khawar Ali,ODI,41.7,50.2,14.7,21.9,4.02
Khawar Ali,Khawar Ali,T20,0,0,0,0,0
L Siaka,Lega Siaka,ODI,17.4,72.3,48.7,68.0,4.29
L Siaka,Lega Siaka,T20,0,0,0,0,0
CJA Amini,Charles Jordan Alewa Amini,ODI,22.3,73.8,39.9,51.5,4.65
CJA Amini,Charles Jordan Alewa Amini,T20,0,0,0,0,0
S Bau,Sese Bau,ODI,17.6,62.3,62.0,90.0,4.13
S Bau,Sese Bau,T20,0,0,0,0,0
K Doriga,Kiplin Doriga,ODI,22.3,63.3,0,0,0
K Doriga,Kiplin Doriga,T20,0,0,0,0,0
CA Soper,Chad Aiwati Soper,ODI,18.4,57.2,28.0,34.1,4.94
CA Soper,Chad Aiwati Soper,T20,0,0,0,0,0
N Vanua,Norman Vanua,ODI,12.9,76.7,28.5,33.1,5.17
N Vanua,Norman Vanua,T20,0,0,0,0,0
Aqib Ilyas,Aqib Ilyas Sulehri,ODI,52.5,78.7,12.0,19.5,3.69
Aqib Ilyas,Aqib Ilyas Sulehri,T20,0,0,0,0,0
D Ravu,Damien Ravu,ODI,12.5,64.1,0,0,5.74
D Ravu,Damien Ravu,T20,0,0,0,0,0
N Pokana,Nosaina Pokana,ODI,10.4,49.1,27.2,32.9,4.96
N Pokana,Nosaina Pokana,T20,0,0,0,0,0
Jatinder Singh,Jatinder Singh,ODI,17.0,50.4,0,0,0
Jatinder Singh,Jatinder Singh,T20,0,0,0,0,0
Mohammad Nadeem,Mohammad Nadeem,ODI,35.0,48.6,0,0,7.67
Mohammad Nadeem,Mohammad Nadeem,T20,0,0,0,0,0
Suraj Kumar,Suraj Kumar,ODI,20.0,72.3,0,0,0
Suraj Kumar,Suraj Kumar,T20,0,0,0,0,0
Sandeep Goud,Sandeep Goud,ODI,49.5,90.0,0,0,0
Sandeep Goud,Sandeep Goud,T20,0,0,0,0,0
Aamir Kaleem,Syed Aamir Kaleem,ODI,13.0,81.2,27.0,38.0,4.26
Aamir Kaleem,Syed Aamir Kaleem,T20,0,0,0,0,0
RD Berrington,Richie Berrington,ODI,28.6,73.3,37.1,41.8,5.33
RD Berrington,Richie Berrington,T20,8.2,113.8,0,0,0
A Neill,Adrian Neill,ODI,0,0.0,24.0,55.0,2.62
A Neill,Adrian Neill,T20,0,0,0,0,0
GT Main,Gavin Main,ODI,0,0,0,0,6.00
GT Main,Gavin Main,T20,0,0,0,0,0
Hamza Tahir,Hamza Tahir,ODI,0,0,10.2,17.6,3.48
Hamza Tahir,Hamza Tahir,T20,0,0,0,0,0
AV Lalcheta,Ajay Vrajlal Lalcheta,ODI,9.0,38.3,31.0,42.0,4.43
AV Lalcheta,Ajay Vrajlal Lalcheta,T20,0,0,0,0,0
Khurram Nawaz,Khurram Nawaz Khan,ODI,9.0,60.0,0,0,0
Khurram Nawaz,Khurram Nawaz Khan,T20,0,0,0,0,0
H Hiri,Hiri Hiri,ODI,20.8,61.5,28.0,30.0,5.60
H Hiri,Hiri Hiri,T20,0,0,0,0,0
MD Gunathilaka,Danushka Gunathilaka,ODI,34.7,85.8,49.3,51.0,5.80
MD Gunathilaka,Danushka Gunathilaka,T20,23.3,136.4,0,0,12.20
Iftikhar Ahmed,Iftikhar Ahmed,ODI,34.0,93.2,101.0,138.0,4.39
Iftikhar Ahmed,Iftikhar Ahmed,T20,14.8,102.3,7.2,8.0,5.44
S Samarawickrama,Sadeera Samarawickrama,ODI,19.7,83.6,0,0,0
S Samarawickrama,Sadeera Samarawickrama,T20,0,0,0,0,0
Usman Shinwari,Usman Shinwari,ODI,3.0,100.0,22.4,25.9,5.19
Usman Shinwari,Usman Shinwari,T20,7.0,53.8,22.6,16.9,8.03
BOP Fernando,Oshada Fernando,ODI,21.3,63.1,0,0,8.00
BOP Fernando,Oshada Fernando,T20,0,0,0,0,0
Mohammad Nawaz (3),Mohammad Nawaz (3),ODI,0,0,0,0,0
Mohammad Nawaz (3),Mohammad Nawaz (3),T20,0,0,0,0,0
AK Perera,Angelo Perera,ODI,13.0,62.7,0,0,5.50
AK Perera,Angelo Perera,T20,15.0,91.8,0,0,0
M Bhanuka,M Bhanuka,ODI,0,0,0,0,0
M Bhanuka,M Bhanuka,T20,0,0,0,0,0
PADLR Sandakan,Lakshan Rangika,ODI,3.9,35.2,60.6,56.5,6.44
PADLR Sandakan,Lakshan Rangika,T20,0,16.7,0,0,6.00
XM Marshall,Xavier Marshall,ODI,15.8,68.7,0,0,4.00
XM Marshall,Xavier Marshall,T20,0,0,0,0,0
JS Malhotra,Jaskaran Malhotra,ODI,14.2,78.1,0,0,0
JS Malhotra,Jaskaran Malhotra,T20,0,0,0,0,0
Steven Ryan Taylor,Steven Taylor,ODI,19.2,57.5,66.0,63.5,6.24
Steven Ryan Taylor,Steven Taylor,T20,15.0,105.6,0,0,10.00
MD Patel,Monank Patel,ODI,25.2,66.0,0,0,0
MD Patel,Monank Patel,T20,0,0,0,0,0
Aaron Jones,Aaron Jones,ODI,41.8,57.2,0,0,0
Aaron Jones,Aaron Jones,T20,0,0,0,0,0
A Nao,Alei Nao,ODI,45.5,108.3,33.6,41.1,4.91
A Nao,Alei Nao,T20,0,0,0,0,0
J Kila,Jason Kila,ODI,13.5,85.7,22.5,33.2,4.07
J Kila,Jason Kila,T20,0,0,0,0,0
TK Patel,Timil Kaushik Patel,ODI,3.0,23.1,28.3,50.0,3.40
TK Patel,Timil Kaushik Patel,T20,0,0,30.0,18.0,10.00
NK Patel,Niraj Patel,ODI,3.2,27.1,10.1,10.3,5.92
NK Patel,Niraj Patel,T20,30.2,101.7,0,0,0
K Gore,Karima Gore,ODI,22.8,62.3,24.9,30.3,4.92
K Gore,Karima Gore,T20,0,0,0,0,0
EH Hutchinson,Elmore Hutchinson,ODI,24.0,135.8,0,0,7.57
EH Hutchinson,Elmore Hutchinson,T20,0,0,0,0,0
J Theron,Rusty Theron,ODI,2.5,71.4,16.2,17.2,5.62
J Theron,Rusty Theron,T20,8.7,110.1,25.6,19.4,7.92
SN Netravalkar,Saurabh Netravalkar,ODI,8.5,51.5,111.0,162.0,4.11
SN Netravalkar,Saurabh Netravalkar,T20,0,0,0,0,0
SJ Baard,Stephan Baard,ODI,32.8,68.6,0,0,0
SJ Baard,Stephan Baard,T20,0,0,0,0,0
JP Kotze,JP Kotze,ODI,85.5,109.6,0,0,0
JP Kotze,JP Kotze,T20,0,0,0,0,0
K Birkenstock,Karl Birkenstock,ODI,2.5,34.5,0,0,0
K Birkenstock,Karl Birkenstock,T20,0,0,0,0,0
Jasdeep Singh,Jessy Singh,ODI,3.7,39.3,14.9,15.0,5.95
Jasdeep Singh,Jessy Singh,T20,0,0,0,0,0
MG Erasmus,Gerhard Erasmus,ODI,32.5,75.1,0,0,4.33
MG Erasmus,Gerhard Erasmus,T20,0,0,0,0,0
CG Williams,Craig Williams,ODI,38.0,53.5,110.0,132.0,5.00
CG Williams,Craig Williams,T20,0,0,0,0,0
C Viljoen,Christi Viljoen,ODI,0,0,0,0,0
C Viljoen,Christi Viljoen,T20,0,0,0,0,0
JJ Smit,JJ Smit,ODI,12.0,87.3,35.7,42.0,5.10
JJ Smit,JJ Smit,T20,0,0,0,0,9.83
ZE Green,Zane Green,ODI,14.5,71.6,0,0,0
ZE Green,Zane Green,T20,0,0,0,0,0
JN Frylinck,Jan Frylinck,ODI,51.3,127.3,17.2,22.3,4.61
JN Frylinck,Jan Frylinck,T20,0,0,0,0,0
Z Groenewald,Zhivago Groenewald,ODI,0,100.0,9.4,14.8,3.81
Z Groenewald,Zhivago Groenewald,T20,0,0,0,0,0
BM Scholtz,Bernard Scholtz,ODI,6.0,120.0,11.6,24.0,2.91
BM Scholtz,Bernard Scholtz,T20,0,0,0,0,0
HN Ya France,Pikky Ya France,ODI,24.0,300.0,22.8,36.0,3.80
HN Ya France,Pikky Ya France,T20,0,0,0,0,0
R Hekure,Riley Hekure,ODI,2.0,25.0,16.0,30.0,3.20
R Hekure,Riley Hekure,T20,0,0,0,0,0
SK Atai,Simon Atai,ODI,24.0,42.1,0,0,0
SK Atai,Simon Atai,T20,0,0,0,0,0
